timestamp,open,high,low,close,volume
1704067200,42011.079955,42012.574272,42009.585638,42011.079955,6.644147
1704067260,42011.079955,42029.447914,41958.61338,41976.981338,6.002367
1704067320,41976.981338,42013.475772,41966.535863,42003.030297,9.302029
1704067380,42003.030297,42051.476186,41987.042258,42035.488147,8.755563
1704067440,42035.488147,42035.563526,41970.693179,41970.768557,3.785625
1704067500,41970.768557,41979.327133,41919.348518,41927.907093,11.368035
1704067560,41927.907093,41949.893103,41911.04802,41933.034029,7.717416
1704067620,41933.034029,41942.462776,41913.836272,41923.265019,4.667207
1704067680,41923.265019,41942.562758,41904.242259,41923.539998,11.566352
1704067740,41923.539998,41933.063141,41886.254425,41895.777568,9.877027
1704067800,41895.777568,41957.16344,41864.715029,41926.100902,4.206374
1704067860,41926.100902,41989.341337,41889.795463,41953.035898,13.331549
1704067920,41953.035898,41968.696796,41940.430323,41956.091221,9.976392
1704067980,41956.091221,42036.487104,41914.387998,41994.783881,7.969412
1704068040,41994.783881,42037.675608,41968.441673,42011.3334,12.770656
1704068100,42011.3334,42037.053509,41957.582855,41983.302964,8.477893
1704068160,41983.302964,41997.844473,41981.988305,41996.529814,7.915751
1704068220,41996.529814,42003.425123,41958.27036,41965.165669,6.0191
1704068280,41965.165669,42003.994644,41956.678411,41995.507386,9.745551
1704068340,41995.507386,42011.121894,41979.055465,41994.669973,9.429809
1704068400,41994.669973,42003.23265,41980.736946,41989.299623,8.04404
1704068460,41989.299623,41997.257823,41959.313585,41967.271785,5.630041
1704068520,41967.271785,42019.507352,41956.941851,42009.177418,8.38979
1704068580,42009.177418,42024.705796,41989.296125,42004.824502,7.790604
1704068640,42004.824502,42057.933889,41938.16393,41991.273317,3.999577
1704068700,41991.273317,42000.45285,41971.105818,41980.285352,3.584563
1704068760,41980.285352,42053.946317,41925.345358,41999.006324,9.69546
1704068820,41999.006324,42013.035955,41998.097351,42012.126983,0.194335
1704068880,42012.126983,42026.958447,42012.010157,42026.841621,8.616232
1704068940,42026.841621,42068.543657,42000.467754,42042.16979,6.565751
1704069000,42042.16979,42145.115843,42012.159381,42115.105435,11.92474
1704069060,42115.105435,42120.227807,42097.134356,42102.256728,6.519595
1704069120,42102.256728,42114.891601,42073.213839,42085.848712,9.978453
1704069180,42085.848712,42098.092034,42047.056831,42059.300153,6.809258
1704069240,42059.300153,42094.202141,42045.971012,42080.873,8.341244
1704069300,42080.873,42119.774262,42080.837806,42119.739067,10.21051
1704069360,42119.739067,42144.658776,42091.822309,42116.742019,6.612333
1704069420,42116.742019,42130.827737,42075.199866,42089.285584,10.989665
1704069480,42089.285584,42109.618838,42042.041262,42062.374516,5.018906
1704069540,42062.374516,42102.219399,42045.269408,42085.114291,8.883779
1704069600,42085.114291,42135.112228,42060.989955,42110.987892,10.767919
1704069660,42110.987892,42154.750846,42086.369719,42130.132673,9.980112
1704069720,42130.132673,42147.782043,42090.901026,42108.550396,13.749335
1704069780,42108.550396,42119.78994,42105.974695,42117.214239,5.709682
1704069840,42117.214239,42141.254787,42097.947891,42121.988439,3.862552
1704069900,42121.988439,42151.920072,42100.269326,42130.200958,5.016995
1704069960,42130.200958,42174.026024,42116.600109,42160.425174,9.981328
1704070020,42160.425174,42182.539061,42146.696836,42168.810723,9.493769
1704070080,42168.810723,42216.756135,42144.618558,42192.563969,8.30677
1704070140,42192.563969,42206.765682,42181.48729,42195.689003,4.631129
1704070200,42195.689003,42237.739863,42164.243064,42206.293923,10.300602
1704070260,42206.293923,42233.629838,42201.123422,42228.459337,4.325886
1704070320,42228.459337,42231.234309,42177.329883,42180.104855,11.476849
1704070380,42180.104855,42241.971777,42108.295695,42170.162617,16.572315
1704070440,42170.162617,42204.999178,42120.303583,42155.140144,9.099353
1704070500,42155.140144,42192.353652,42097.229233,42134.442741,9.749324
1704070560,42134.442741,42138.230099,42122.224543,42126.011901,6.521421
1704070620,42126.011901,42187.671573,42115.606636,42177.266309,2.56936
1704070680,42177.266309,42180.25925,42145.911741,42148.904682,6.191842
1704070740,42148.904682,42193.666258,42137.648893,42182.410469,4.721314
1704070800,42182.410469,42186.294998,42122.616669,42126.501198,3.658986
1704070860,42126.501198,42163.244516,42079.315677,42116.058995,13.16708
1704070920,42116.058995,42133.921998,42104.522403,42122.385406,8.818588
1704070980,42122.385406,42171.616805,42093.755957,42142.987356,9.139063
1704071040,42142.987356,42184.11903,42126.684424,42167.816097,7.072933
1704071100,42167.816097,42196.95688,42166.290686,42195.431468,7.481387
1704071160,42195.431468,42222.563594,42157.372982,42184.505108,10.893652
1704071220,42184.505108,42196.018049,42158.235173,42169.748115,7.902989
1704071280,42169.748115,42236.13673,42133.157919,42199.546534,9.592082
1704071340,42199.546534,42201.504911,42191.974157,42193.932534,7.411987
1704071400,42193.932534,42198.911979,42146.757103,42151.736548,6.973541
1704071460,42151.736548,42179.901389,42086.215285,42114.380126,3.779258
1704071520,42114.380126,42120.169893,42078.465696,42084.255463,2.066753
1704071580,42084.255463,42142.074672,42044.019722,42101.838932,7.215314
1704071640,42101.838932,42130.541849,42078.775538,42107.478455,8.16949
1704071700,42107.478455,42137.320095,42101.745541,42131.587181,4.14161
1704071760,42131.587181,42164.919725,42084.698785,42118.031328,7.896575
1704071820,42118.031328,42195.21753,42047.029845,42124.216047,8.161258
1704071880,42124.216047,42160.979622,42109.382666,42146.146242,1.531976
1704071940,42146.146242,42182.433408,42100.272877,42136.560043,5.254626
1704072000,42136.560043,42158.968365,42130.395133,42152.803454,9.221792
1704072060,42152.803454,42156.626813,42127.506996,42131.330354,9.161176
1704072120,42131.330354,42142.262865,42109.005258,42119.937768,4.538975
1704072180,42119.937768,42121.502073,42106.354557,42107.918861,8.475344
1704072240,42107.918861,42110.70537,42065.709521,42068.496031,11.067222
1704072300,42068.496031,42096.040889,42058.185031,42085.729889,10.331219
1704072360,42085.729889,42121.021619,42035.478421,42070.770151,7.714143
1704072420,42070.770151,42110.998165,42031.804082,42072.032095,6.596071
1704072480,42072.032095,42105.554448,42055.535418,42089.057771,6.111967
1704072540,42089.057771,42111.928073,42082.067507,42104.937808,9.403459
1704072600,42104.937808,42143.26642,42089.870517,42128.199129,8.585312
1704072660,42128.199129,42128.414113,42125.50757,42125.722553,9.888212
1704072720,42125.722553,42145.808409,42092.215952,42112.301808,8.395621
1704072780,42112.301808,42116.858933,42105.901276,42110.458401,10.456292
1704072840,42110.458401,42127.012436,42037.940254,42054.494289,8.283778
1704072900,42054.494289,42085.401784,41975.769024,42006.676519,10.354066
1704072960,42006.676519,42046.43702,41923.329008,41963.089509,10.612468
1704073020,41963.089509,41975.531703,41918.021221,41930.463415,5.58642
1704073080,41930.463415,41969.218643,41905.959392,41944.71462,2.575568
1704073140,41944.71462,41975.948806,41883.945683,41915.179869,12.630479
1704073200,41915.179869,41943.59283,41874.926283,41903.339244,8.769976
1704073260,41903.339244,41963.210485,41887.883195,41947.754437,2.856542
1704073320,41947.754437,41962.810035,41921.583687,41936.639286,5.858542
1704073380,41936.639286,41975.312632,41923.555616,41962.228962,10.315623
1704073440,41962.228962,41989.836928,41904.129981,41931.737947,7.16097
1704073500,41931.737947,41949.364926,41908.058556,41925.685535,6.463816
1704073560,41925.685535,41959.766364,41860.590437,41894.671265,12.202646
1704073620,41894.671265,41914.639938,41864.178865,41884.147537,4.858139
1704073680,41884.147537,41945.933642,41851.365625,41913.15173,5.60554
1704073740,41913.15173,41934.252739,41835.009879,41856.110888,8.634159
1704073800,41856.110888,41908.865222,41818.743132,41871.497465,9.171365
1704073860,41871.497465,41887.12598,41864.670783,41880.299297,9.489029
1704073920,41880.299297,41909.240032,41832.293966,41861.234701,10.733714
1704073980,41861.234701,41867.266838,41807.639816,41813.671953,8.595736
1704074040,41813.671953,41819.481133,41811.111972,41816.921152,9.468152
1704074100,41816.921152,41818.902191,41798.066453,41800.047492,7.222372
1704074160,41800.047492,41837.103683,41771.608892,41808.665082,8.188095
1704074220,41808.665082,41819.295053,41799.602202,41810.232172,8.322603
1704074280,41810.232172,41873.523084,41801.389486,41864.680397,8.645294
1704074340,41864.680397,41889.509275,41832.672991,41857.501869,10.317619
1704074400,41857.501869,41868.802332,41812.779068,41824.079531,9.665437
1704074460,41824.079531,41830.993022,41824.001511,41830.915002,8.132651
1704074520,41830.915002,41857.937469,41812.092086,41839.114554,5.572622
1704074580,41839.114554,41891.397456,41833.187859,41885.470761,8.203014
1704074640,41885.470761,41918.933369,41880.839003,41914.301611,7.915947
1704074700,41914.301611,41933.904348,41907.505517,41927.108254,8.579545
1704074760,41927.108254,42021.67159,41882.494837,41977.058173,14.619576
1704074820,41977.058173,41979.53535,41935.518104,41937.995281,6.428682
1704074880,41937.995281,41944.129372,41911.241103,41917.375194,9.266867
1704074940,41917.375194,41970.088943,41834.438988,41887.152737,11.205386
1704075000,41887.152737,41909.619659,41852.462923,41874.929845,8.294006
1704075060,41874.929845,41881.532411,41823.070344,41829.672909,15.013535
1704075120,41829.672909,41868.992351,41812.45042,41851.769862,6.865882
1704075180,41851.769862,41886.460533,41810.476417,41845.167088,8.972268
1704075240,41845.167088,41849.30341,41792.658741,41796.795063,5.603583
1704075300,41796.795063,41829.081171,41731.399651,41763.685759,6.945426
1704075360,41763.685759,41776.543986,41762.139132,41774.997359,8.746802
1704075420,41774.997359,41804.786769,41774.063599,41803.853009,10.538912
1704075480,41803.853009,41873.751454,41801.622183,41871.520629,8.957285
1704075540,41871.520629,41970.175755,41871.425032,41970.080157,11.777345
1704075600,41970.080157,42028.134386,41926.782161,41984.83639,7.715104
1704075660,41984.83639,42043.224405,41894.064091,41952.452106,7.003494
1704075720,41952.452106,42002.749103,41831.49807,41881.795067,16.111955
1704075780,41881.795067,41905.256219,41868.142489,41891.603641,9.182713
1704075840,41891.603641,41891.968568,41864.840541,41865.205469,5.841555
1704075900,41865.205469,41882.534874,41834.804195,41852.1336,5.917209
1704075960,41852.1336,41864.007847,41820.606966,41832.481213,5.17196
1704076020,41832.481213,41842.124695,41818.962854,41828.606336,10.809708
1704076080,41828.606336,41890.727056,41803.008899,41865.129619,6.906868
1704076140,41865.129619,41897.10858,41839.248291,41871.227252,8.382087
1704076200,41871.227252,41875.850794,41862.127586,41866.751128,7.809474
1704076260,41866.751128,41890.913591,41808.752114,41832.914577,10.194477
1704076320,41832.914577,41839.748879,41770.907853,41777.742155,5.459768
1704076380,41777.742155,41791.811458,41748.257775,41762.327077,4.773283
1704076440,41762.327077,41779.812148,41743.880397,41761.365468,8.672892
1704076500,41761.365468,41824.084199,41758.589876,41821.308608,9.802878
1704076560,41821.308608,41826.537582,41821.274983,41826.503958,8.997597
1704076620,41826.503958,41897.232642,41789.509045,41860.23773,5.571639
1704076680,41860.23773,41921.770832,41782.82434,41844.357442,10.032455
1704076740,41844.357442,41879.917678,41769.985535,41805.545771,5.768417
1704076800,41805.545771,41835.299062,41744.362626,41774.115916,6.435384
1704076860,41774.115916,41783.215753,41741.621573,41750.72141,5.168139
1704076920,41750.72141,41829.099577,41744.332367,41822.710534,11.903475
1704076980,41822.710534,41860.51071,41758.273205,41796.073381,9.900265
1704077040,41796.073381,41849.678237,41771.350866,41824.955722,9.81498
1704077100,41824.955722,41846.543354,41774.002991,41795.590623,11.741634
1704077160,41795.590623,41889.260164,41733.917751,41827.587292,16.437948
1704077220,41827.587292,41886.539692,41782.354949,41841.307349,2.872322
1704077280,41841.307349,41851.643141,41826.565468,41836.90126,5.78487
1704077340,41836.90126,41846.027864,41827.247095,41836.373699,6.151475
1704077400,41836.373699,41865.206285,41786.467995,41815.300581,5.447541
1704077460,41815.300581,41878.953445,41767.409108,41831.061972,4.76725
1704077520,41831.061972,41833.994496,41813.742589,41816.675114,7.101041
1704077580,41816.675114,41841.68719,41751.518047,41776.530123,4.350189
1704077640,41776.530123,41778.654849,41732.55167,41734.676395,9.005127
1704077700,41734.676395,41781.350709,41694.599617,41741.273931,8.155095
1704077760,41741.273931,41813.981741,41722.165955,41794.873765,9.443086
1704077820,41794.873765,41804.787246,41791.146103,41801.059584,9.523185
1704077880,41801.059584,41810.243665,41788.744275,41797.928356,9.809021
1704077940,41797.928356,41818.795441,41787.456075,41808.32316,6.879773
1704078000,41808.32316,41886.024178,41775.163412,41852.86443,14.36343
1704078060,41852.86443,41882.51454,41831.397606,41861.047716,8.703293
1704078120,41861.047716,41881.140132,41828.033041,41848.125456,2.412546
1704078180,41848.125456,41901.921188,41832.220718,41886.016449,4.992873
1704078240,41886.016449,41901.491513,41885.748985,41901.224049,2.778491
1704078300,41901.224049,41988.22142,41866.577424,41953.574794,8.052004
1704078360,41953.574794,41968.52502,41945.614094,41960.56432,7.634584
1704078420,41960.56432,41969.754019,41911.129615,41920.319314,6.594723
1704078480,41920.319314,41935.720179,41859.898111,41875.298976,14.032778
1704078540,41875.298976,41935.027716,41871.751877,41931.480617,9.646949
1704078600,41931.480617,42028.772784,41892.888813,41990.18098,10.178295
1704078660,41990.18098,42015.561179,41959.610471,41984.990669,5.20678
1704078720,41984.990669,41991.454189,41966.49808,41972.9616,5.002565
1704078780,41972.9616,42041.817042,41954.048222,42022.903664,8.110416
1704078840,42022.903664,42071.619646,41937.826861,41986.542842,8.519021
1704078900,41986.542842,42035.896873,41907.985508,41957.339539,2.431065
1704078960,41957.339539,42010.709206,41926.408841,41979.778508,7.459079
1704079020,41979.778508,42003.109001,41944.037097,41967.36759,8.042216
1704079080,41967.36759,42005.426456,41929.976116,41968.034982,7.354553
1704079140,41968.034982,41994.680416,41936.741664,41963.387098,5.559829
1704079200,41963.387098,42023.575069,41930.066795,41990.254766,6.381394
1704079260,41990.254766,42065.386175,41977.987178,42053.118588,7.469422
1704079320,42053.118588,42082.33766,42042.510789,42071.729861,8.2724
1704079380,42071.729861,42111.573275,42069.142768,42108.986183,9.814375
1704079440,42108.986183,42125.402064,42039.120043,42055.535924,11.242569
1704079500,42055.535924,42086.477927,42038.517672,42069.459674,7.116957
1704079560,42069.459674,42087.43478,42038.672827,42056.647932,6.631531
1704079620,42056.647932,42078.828044,42009.029123,42031.209235,9.312967
1704079680,42031.209235,42088.729978,41959.714518,42017.235261,9.832535
1704079740,42017.235261,42029.051831,42009.734135,42021.550705,6.697399
1704079800,42021.550705,42090.296816,41999.168243,42067.914353,10.37118
1704079860,42067.914353,42080.250506,42026.514513,42038.850666,10.938756
1704079920,42038.850666,42060.130776,42034.158372,42055.438483,11.875059
1704079980,42055.438483,42073.443466,42036.704452,42054.709435,13.334963
1704080040,42054.709435,42126.163076,41987.792123,42059.245765,5.400752
1704080100,42059.245765,42143.392389,42024.430159,42108.576783,8.041695
1704080160,42108.576783,42188.080051,42062.794604,42142.297872,8.033833
1704080220,42142.297872,42259.991661,42085.329266,42203.023055,7.705779
1704080280,42203.023055,42243.699085,42172.746938,42213.422969,6.052211
1704080340,42213.422969,42246.975251,42171.987894,42205.540176,3.543314
1704080400,42205.540176,42214.724015,42204.414689,42213.598529,8.278038
1704080460,42213.598529,42270.119651,42180.892484,42237.413605,5.694933
1704080520,42237.413605,42269.434002,42226.992974,42259.013371,8.25798
1704080580,42259.013371,42278.8456,42218.16207,42237.994299,5.617869
1704080640,42237.994299,42279.525528,42215.152947,42256.684176,4.701025
1704080700,42256.684176,42293.332541,42243.392575,42280.04094,8.702895
1704080760,42280.04094,42399.486085,42261.510776,42380.955921,8.452765
1704080820,42380.955921,42475.0359,42366.265135,42460.345114,9.737846
1704080880,42460.345114,42474.595625,42432.823799,42447.07431,14.557591
1704080940,42447.07431,42467.443107,42432.652482,42453.021278,8.831869
1704081000,42453.021278,42467.008175,42405.053579,42419.040475,9.455245
1704081060,42419.040475,42447.6136,42386.116839,42414.689964,4.767316
1704081120,42414.689964,42471.254075,42384.536538,42441.100649,4.139278
1704081180,42441.100649,42499.989655,42438.894873,42497.783879,12.748488
1704081240,42497.783879,42506.120418,42480.384929,42488.721467,5.229561
1704081300,42488.721467,42508.922416,42462.006769,42482.207717,4.868168
1704081360,42482.207717,42482.884447,42424.310712,42424.987441,7.882703
1704081420,42424.987441,42449.691527,42410.460941,42435.165027,7.729423
1704081480,42435.165027,42450.89729,42399.071677,42414.80394,5.29248
1704081540,42414.80394,42454.29544,42373.041123,42412.532623,7.08508
1704081600,42412.532623,42445.017847,42365.990456,42398.475681,11.688127
1704081660,42398.475681,42436.447129,42372.996238,42410.967686,5.582019
1704081720,42410.967686,42453.764829,42324.247791,42367.044934,3.818983
1704081780,42367.044934,42380.531635,42319.52422,42333.010921,10.827781
1704081840,42333.010921,42447.469796,42306.416269,42420.875145,9.476891
1704081900,42420.875145,42422.604435,42391.15994,42392.88923,6.138444
1704081960,42392.88923,42403.367234,42360.905325,42371.383328,3.253499
1704082020,42371.383328,42495.439914,42325.341942,42449.398528,5.76613
1704082080,42449.398528,42568.295148,42445.017054,42563.913674,7.835887
1704082140,42563.913674,42603.715162,42499.974512,42539.776,11.497016
1704082200,42539.776,42567.674733,42515.084923,42542.983656,4.890254
1704082260,42542.983656,42609.100241,42504.241412,42570.357997,7.74644
1704082320,42570.357997,42665.43808,42549.967413,42645.047496,10.025434
1704082380,42645.047496,42652.770789,42619.438968,42627.162261,0.856198
1704082440,42627.162261,42653.12661,42608.606208,42634.570556,11.101359
1704082500,42634.570556,42692.97255,42618.477496,42676.879489,4.452648
1704082560,42676.879489,42727.370551,42657.033439,42707.5245,8.995986
1704082620,42707.5245,42711.462222,42706.536907,42710.47463,8.740049
1704082680,42710.47463,42766.298908,42665.88219,42721.706468,11.253759
1704082740,42721.706468,42734.058526,42678.182504,42690.534561,9.652773
1704082800,42690.534561,42723.798451,42664.932646,42698.196535,0.868129
1704082860,42698.196535,42707.391999,42695.700517,42704.895981,5.645662
1704082920,42704.895981,42749.036726,42684.494476,42728.635221,8.414615
1704082980,42728.635221,42740.098232,42713.999224,42725.462235,7.41506
1704083040,42725.462235,42758.671352,42724.19083,42757.399948,9.432832
1704083100,42757.399948,42810.857408,42754.43339,42807.89085,10.3681
1704083160,42807.89085,42850.542406,42786.406327,42829.057882,9.825355
1704083220,42829.057882,42873.990923,42812.032999,42856.966039,7.357175
1704083280,42856.966039,42891.376744,42840.23852,42874.649225,2.460989
1704083340,42874.649225,42905.793397,42859.374504,42890.518676,6.633556
1704083400,42890.518676,42930.063232,42842.086134,42881.630691,9.249104
1704083460,42881.630691,42945.676062,42844.317283,42908.362655,4.728658
1704083520,42908.362655,42930.556832,42898.706876,42920.901054,9.893824
1704083580,42920.901054,43018.370798,42911.274347,43008.744091,10.72518
1704083640,43008.744091,43094.967215,42992.625691,43078.848815,8.380601
1704083700,43078.848815,43108.699455,43078.244733,43108.095373,1.19134
1704083760,43108.095373,43123.604077,43082.222755,43097.73146,4.165735
1704083820,43097.73146,43139.602497,43033.458478,43075.329516,13.658567
1704083880,43075.329516,43141.764492,43065.917222,43132.352198,6.360387
1704083940,43132.352198,43163.030563,43126.706457,43157.384823,2.04757
1704084000,43157.384823,43220.874107,43126.453432,43189.942717,11.705742
1704084060,43189.942717,43246.134306,43089.475261,43145.666851,8.040067
1704084120,43145.666851,43245.867281,43093.468962,43193.669392,11.314821
1704084180,43193.669392,43246.005389,43173.029142,43225.365139,8.830876
1704084240,43225.365139,43226.932589,43201.397863,43202.965312,9.375677
1704084300,43202.965312,43209.457279,43196.161428,43202.653395,9.089028
1704084360,43202.653395,43262.162575,43168.251115,43227.760295,10.092465
1704084420,43227.760295,43246.175506,43227.157442,43245.572653,14.832291
1704084480,43245.572653,43303.45866,43193.579822,43251.465828,10.913019
1704084540,43251.465828,43285.284688,43230.07098,43263.889839,3.258982
1704084600,43263.889839,43275.582916,43259.483798,43271.176875,9.339985
1704084660,43271.176875,43303.878335,43259.772237,43292.473697,11.424442
1704084720,43292.473697,43369.772469,43282.208607,43359.507378,11.608102
1704084780,43359.507378,43414.806796,43231.281139,43286.580556,6.720185
1704084840,43286.580556,43301.087978,43279.887925,43294.395346,11.494833
1704084900,43294.395346,43338.507568,43272.421308,43316.533529,10.783227
1704084960,43316.533529,43383.800846,43275.558453,43342.82577,15.717552
1704085020,43342.82577,43363.168719,43325.623917,43345.966866,5.749995
1704085080,43345.966866,43376.038569,43271.038954,43301.110656,6.477798
1704085140,43301.110656,43353.599116,43276.014323,43328.502782,7.081643
1704085200,43328.502782,43405.868461,43327.109977,43404.475656,6.529334
1704085260,43404.475656,43458.712579,43313.053166,43367.29009,5.329938
1704085320,43367.29009,43429.330427,43351.289574,43413.329912,0.288027
1704085380,43413.329912,43437.621715,43393.691392,43417.983194,6.695902
1704085440,43417.983194,43438.463542,43411.439674,43431.920021,9.108074
1704085500,43431.920021,43496.534655,43346.796518,43411.411152,6.520334
1704085560,43411.411152,43441.814452,43385.45493,43415.85823,13.806144
1704085620,43415.85823,43509.281134,43383.696416,43477.119319,8.040127
1704085680,43477.119319,43586.014923,43404.591189,43513.486793,11.873087
1704085740,43513.486793,43599.046151,43504.397674,43589.957033,8.784261
1704085800,43589.957033,43678.083738,43559.054808,43647.181513,10.479222
1704085860,43647.181513,43699.759781,43626.095974,43678.674243,8.837725
1704085920,43678.674243,43773.565744,43660.950135,43755.841636,12.106354
1704085980,43755.841636,43798.022352,43745.228776,43787.409492,8.167818
1704086040,43787.409492,43847.509916,43772.538119,43832.638542,9.488362
1704086100,43832.638542,43886.7558,43784.340157,43838.457415,9.098999
1704086160,43838.457415,43862.35564,43833.117158,43857.015384,7.135144
1704086220,43857.015384,43866.908834,43838.880261,43848.773712,9.214947
1704086280,43848.773712,43938.85712,43809.657581,43899.74099,14.703159
1704086340,43899.74099,43931.078348,43843.271953,43874.609311,7.188809
1704086400,43874.609311,43922.989361,43854.576159,43902.956209,9.258395
1704086460,43902.956209,43917.725511,43882.369236,43897.138538,11.773337
1704086520,43897.138538,43939.754635,43896.552008,43939.168105,11.42076
1704086580,43939.168105,44007.678087,43897.93942,43966.449401,8.035149
1704086640,43966.449401,44037.458398,43960.405561,44031.414557,0.849834
1704086700,44031.414557,44083.619674,44005.839754,44058.04487,9.550108
1704086760,44058.04487,44065.778947,43995.816867,44003.550944,1.341577
1704086820,44003.550944,44045.499817,43960.125225,44002.074098,12.409812
1704086880,44002.074098,44005.339819,43958.450339,43961.71606,8.508422
1704086940,43961.71606,43981.280856,43924.806344,43944.37114,10.999022
1704087000,43944.37114,44047.988328,43894.794027,43998.411215,5.293667
1704087060,43998.411215,44050.125584,43970.023374,44021.737744,3.342478
1704087120,44021.737744,44044.877448,43974.870365,43998.01007,8.782263
1704087180,43998.01007,44005.134629,43956.097993,43963.222552,7.89919
1704087240,43963.222552,43976.12229,43952.355091,43965.254829,6.525378
1704087300,43965.254829,44014.25999,43874.35984,43923.365001,8.253984
1704087360,43923.365001,43935.706869,43888.324477,43900.666344,16.302308
1704087420,43900.666344,43929.837598,43883.332638,43912.503892,10.503577
1704087480,43912.503892,44025.476686,43841.015047,43953.98784,11.148496
1704087540,43953.98784,43981.919963,43948.346443,43976.278566,10.531811
1704087600,43976.278566,43997.29318,43875.605802,43896.620416,12.438386
1704087660,43896.620416,43919.458668,43885.350157,43908.188409,7.429785
1704087720,43908.188409,43923.163074,43896.622331,43911.596996,1.835716
1704087780,43911.596996,43940.899824,43897.714774,43927.017602,7.434242
1704087840,43927.017602,44011.976061,43899.771779,43984.730238,10.435207
1704087900,43984.730238,44045.589651,43852.208179,43913.067592,5.090599
1704087960,43913.067592,43921.675312,43884.576903,43893.184624,7.470902
1704088020,43893.184624,43934.112132,43873.889717,43914.817225,5.924691
1704088080,43914.817225,43938.920938,43836.061501,43860.165214,12.506088
1704088140,43860.165214,43915.73807,43857.289488,43912.862344,10.248371
1704088200,43912.862344,43933.348196,43906.197398,43926.68325,9.954622
1704088260,43926.68325,43972.152172,43911.853644,43957.322566,9.864804
1704088320,43957.322566,43991.380299,43904.070447,43938.128181,7.888252
1704088380,43938.128181,43976.923547,43928.825673,43967.62104,8.592669
1704088440,43967.62104,44056.60875,43917.112032,44006.099742,4.444446
1704088500,44006.099742,44027.490579,43993.788406,44015.179243,1.440674
1704088560,44015.179243,44034.25174,44005.241755,44024.314252,8.450243
1704088620,44024.314252,44048.115451,44010.91611,44034.717308,8.971971
1704088680,44034.717308,44045.551562,43994.359918,44005.194172,11.627794
1704088740,44005.194172,44011.898921,43994.176116,44000.880865,12.714007
1704088800,44000.880865,44010.854139,43986.418936,43996.392211,12.709995
1704088860,43996.392211,44034.965387,43972.195668,44010.768844,5.005929
1704088920,44010.768844,44092.67174,43964.963387,44046.866282,6.943205
1704088980,44046.866282,44069.628495,43987.699902,44010.462114,9.441003
1704089040,44010.462114,44020.487419,43996.915794,44006.9411,15.595714
1704089100,44006.9411,44069.973665,43996.976106,44060.008671,12.440298
1704089160,44060.008671,44089.784607,44004.911211,44034.687148,11.358191
1704089220,44034.687148,44069.768278,43971.529648,44006.610778,6.836636
1704089280,44006.610778,44047.509571,43973.715093,44014.613886,5.350401
1704089340,44014.613886,44070.596292,43989.25465,44045.237057,10.366724
1704089400,44045.237057,44086.552397,44005.20525,44046.520591,4.698016
1704089460,44046.520591,44116.191927,44024.584904,44094.256241,7.284691
1704089520,44094.256241,44136.091484,44083.537612,44125.372855,7.655666
1704089580,44125.372855,44198.511872,44082.843458,44155.982474,12.778736
1704089640,44155.982474,44177.088403,44155.338451,44176.44438,6.935908
1704089700,44176.44438,44269.348659,44166.763875,44259.668153,0.682251
1704089760,44259.668153,44274.433049,44238.5246,44253.289496,9.513334
1704089820,44253.289496,44257.988691,44178.60081,44183.300005,5.902934
1704089880,44183.300005,44248.656828,44175.569396,44240.926219,8.127893
1704089940,44240.926219,44280.029041,44186.511629,44225.614451,7.739886
1704090000,44225.614451,44262.852796,44193.07773,44230.316076,7.178888
1704090060,44230.316076,44353.731096,44154.148352,44277.563372,10.371022
1704090120,44277.563372,44285.985981,44213.306229,44221.728838,3.401405
1704090180,44221.728838,44226.093245,44173.990148,44178.354555,6.448957
1704090240,44178.354555,44224.738926,44076.295403,44122.679774,10.052114
1704090300,44122.679774,44125.171605,44093.04721,44095.539041,6.157746
1704090360,44095.539041,44144.98388,44062.48797,44111.932809,3.17358
1704090420,44111.932809,44160.08866,44083.161806,44131.317657,10.005666
1704090480,44131.317657,44150.865077,44122.40802,44141.95544,11.369284
1704090540,44141.95544,44166.184269,44068.746845,44092.975674,7.865014
1704090600,44092.975674,44110.719168,43994.700204,44012.443698,2.117463
1704090660,44012.443698,44054.254522,43973.426999,44015.237823,10.117909
1704090720,44015.237823,44029.561189,43985.185305,43999.508671,3.020336
1704090780,43999.508671,44028.769167,43987.301668,44016.562164,8.926398
1704090840,44016.562164,44091.61551,43967.114662,44042.168009,5.337609
1704090900,44042.168009,44097.138718,43992.94928,44047.919989,4.520482
1704090960,44047.919989,44091.532823,44031.98263,44075.595464,6.67427
1704091020,44075.595464,44089.387244,44070.768208,44084.559989,7.450107
1704091080,44084.559989,44119.370553,44069.329599,44104.140163,6.067375
1704091140,44104.140163,44141.427207,44042.878513,44080.165558,9.76611
1704091200,44080.165558,44111.43738,44043.441835,44074.713657,6.661792
1704091260,44074.713657,44091.103367,44066.144415,44082.534125,10.940573
1704091320,44082.534125,44117.763836,44077.132932,44112.362643,8.843519
1704091380,44112.362643,44125.371659,44086.34271,44099.351727,5.907328
1704091440,44099.351727,44133.994959,44083.981202,44118.624434,5.40218
1704091500,44118.624434,44137.009639,44091.739668,44110.124872,3.057511
1704091560,44110.124872,44116.897221,44100.087007,44106.859356,8.8722
1704091620,44106.859356,44154.281519,44089.599623,44137.021785,6.936237
1704091680,44137.021785,44137.254322,44067.352467,44067.585003,0.883413
1704091740,44067.585003,44081.140494,44009.22773,44022.783221,6.392855
1704091800,44022.783221,44033.833664,43960.443194,43971.493637,5.296898
1704091860,43971.493637,44030.211874,43831.639708,43890.357945,12.727033
1704091920,43890.357945,43931.626588,43826.157686,43867.426329,2.891664
1704091980,43867.426329,43927.821701,43834.217316,43894.612688,3.675948
1704092040,43894.612688,43930.631459,43849.468857,43885.487628,11.329909
1704092100,43885.487628,43915.752569,43863.045186,43893.310126,12.070289
1704092160,43893.310126,43991.215399,43834.547652,43932.452924,5.765051
1704092220,43932.452924,44006.289123,43906.183915,43980.020113,6.103743
1704092280,43980.020113,44005.645636,43952.841668,43978.467191,9.848706
1704092340,43978.467191,44027.736662,43977.726951,44026.996422,1.018701
1704092400,44026.996422,44036.86083,44021.257595,44031.122003,2.416419
1704092460,44031.122003,44036.650712,43996.985947,44002.514656,7.1578
1704092520,44002.514656,44012.820558,43972.169281,43982.475183,12.649672
1704092580,43982.475183,44019.408736,43894.356957,43931.29051,6.69281
1704092640,43931.29051,43936.066432,43896.190192,43900.966114,8.30281
1704092700,43900.966114,43924.967672,43865.27031,43889.271868,11.401368
1704092760,43889.271868,43940.098805,43867.54737,43918.374307,14.320654
1704092820,43918.374307,44004.061448,43894.067117,43979.754258,6.269455
1704092880,43979.754258,43997.010571,43914.77305,43932.029363,7.94949
1704092940,43932.029363,43966.373962,43912.372026,43946.716625,13.466166
1704093000,43946.716625,43953.854664,43903.889227,43911.027267,3.433402
1704093060,43911.027267,43953.070053,43886.541759,43928.584546,11.082743
1704093120,43928.584546,43951.465709,43901.975352,43924.856515,4.945053
1704093180,43924.856515,43967.896782,43818.402743,43861.44301,8.307417
1704093240,43861.44301,43901.146656,43855.202508,43894.906154,7.272143
1704093300,43894.906154,43897.10292,43872.346851,43874.543617,5.125965
1704093360,43874.543617,43886.121458,43845.107199,43856.68504,5.050694
1704093420,43856.68504,43934.39425,43742.335642,43820.044852,8.829243
1704093480,43820.044852,43852.822851,43765.212228,43797.990227,10.986618
1704093540,43797.990227,43843.326669,43768.525213,43813.861655,7.610791
1704093600,43813.861655,43831.331258,43790.635487,43808.10509,8.210339
1704093660,43808.10509,43829.982238,43798.624305,43820.501453,9.713522
1704093720,43820.501453,43870.64328,43783.925814,43834.06764,5.085144
1704093780,43834.06764,43919.161053,43796.188296,43881.281709,10.219078
1704093840,43881.281709,43885.072816,43866.336129,43870.127236,10.458029
1704093900,43870.127236,43877.752839,43811.576663,43819.202266,15.810879
1704093960,43819.202266,43918.708993,43758.000524,43857.507251,6.871687
1704094020,43857.507251,43897.401837,43806.860537,43846.755123,6.625755
1704094080,43846.755123,43894.819796,43838.682622,43886.747295,10.306898
1704094140,43886.747295,43916.713319,43871.121488,43901.087512,10.457313
1704094200,43901.087512,43909.661852,43888.785688,43897.360028,6.394739
1704094260,43897.360028,43923.922139,43883.926099,43910.48821,6.790512
1704094320,43910.48821,43982.733897,43907.711559,43979.957246,9.623393
1704094380,43979.957246,44064.422719,43969.51,44053.975473,5.517247
1704094440,44053.975473,44096.085919,44015.191445,44057.30189,6.768398
1704094500,44057.30189,44066.849087,44054.282375,44063.829572,8.268778
1704094560,44063.829572,44163.517371,44002.978765,44102.666564,10.987816
1704094620,44102.666564,44105.066181,44071.321777,44073.721395,6.186204
1704094680,44073.721395,44133.573299,44026.496493,44086.348398,2.472847
1704094740,44086.348398,44095.800137,44076.866228,44086.317966,2.250208
1704094800,44086.317966,44123.751498,44060.839028,44098.272559,4.221761
1704094860,44098.272559,44117.432622,44050.603581,44069.763644,4.060497
1704094920,44069.763644,44092.310386,43992.091313,44014.638055,7.536168
1704094980,44014.638055,44026.758455,43930.463697,43942.584097,4.43336
1704095040,43942.584097,43968.62508,43878.158144,43904.199127,5.891735
1704095100,43904.199127,43905.259217,43887.909547,43888.969637,5.677742
1704095160,43888.969637,43922.837456,43845.686305,43879.554125,6.678476
1704095220,43879.554125,43984.358461,43843.685344,43948.48968,11.967513
1704095280,43948.48968,44025.938394,43910.823322,43988.272035,9.985843
1704095340,43988.272035,44034.88986,43908.689754,43955.307578,8.048388
1704095400,43955.307578,43971.303883,43952.419239,43968.415544,6.616921
1704095460,43968.415544,43998.086312,43925.307329,43954.978098,6.700302
1704095520,43954.978098,43955.331839,43945.505038,43945.858779,8.983239
1704095580,43945.858779,44012.865304,43886.247229,43953.253754,9.752507
1704095640,43953.253754,43980.943643,43948.220435,43975.910324,5.277147
1704095700,43975.910324,43980.204785,43960.561411,43964.855872,8.109442
1704095760,43964.855872,44058.50787,43909.517519,44003.169517,1.905141
1704095820,44003.169517,44041.606368,43925.43117,43963.868021,8.635141
1704095880,43963.868021,43975.275941,43953.562343,43964.970264,10.286448
1704095940,43964.970264,44102.40489,43919.877094,44057.31172,7.159794
1704096000,44057.31172,44077.953632,44045.414458,44066.056369,13.449581
1704096060,44066.056369,44132.403752,44051.145193,44117.492576,5.356285
1704096120,44117.492576,44124.638619,44114.459186,44121.60523,8.652321
1704096180,44121.60523,44151.731515,44112.866413,44142.992698,7.892526
1704096240,44142.992698,44163.587782,44121.275225,44141.870308,7.699107
1704096300,44141.870308,44163.307158,44115.298906,44136.735757,7.657033
1704096360,44136.735757,44159.97451,44086.86473,44110.103483,8.321315
1704096420,44110.103483,44162.524343,44073.752262,44126.173121,10.543876
1704096480,44126.173121,44134.861148,44088.317201,44097.005227,12.133209
1704096540,44097.005227,44126.105929,44092.273449,44121.374151,7.993249
1704096600,44121.374151,44176.910988,44105.044634,44160.581471,10.445948
1704096660,44160.581471,44175.017107,44159.980206,44174.415842,5.894699
1704096720,44174.415842,44190.912602,44148.687638,44165.184398,10.297866
1704096780,44165.184398,44210.520539,44136.774382,44182.110523,5.714025
1704096840,44182.110523,44191.482464,44162.713101,44172.085041,11.27198
1704096900,44172.085041,44235.323363,44142.803261,44206.041582,14.631923
1704096960,44206.041582,44214.590977,44133.655074,44142.204469,7.633748
1704097020,44142.204469,44172.657287,44100.7843,44131.237117,1.42237
1704097080,44131.237117,44150.059748,44043.066058,44061.888689,6.355781
1704097140,44061.888689,44093.086897,43978.902016,44010.100223,11.695625
1704097200,44010.100223,44073.996813,43995.129981,44059.026571,9.65923
1704097260,44059.026571,44107.996286,44042.502761,44091.472476,8.746741
1704097320,44091.472476,44126.509607,44031.945624,44066.982755,11.026005
1704097380,44066.982755,44075.705367,44006.203618,44014.926231,9.45336
1704097440,44014.926231,44020.504766,43905.962789,43911.541324,11.653176
1704097500,43911.541324,43924.675598,43880.196477,43893.330751,10.758271
1704097560,43893.330751,44034.888417,43837.727064,43979.284729,12.565101
1704097620,43979.284729,43996.606621,43978.14612,43995.468011,9.076388
1704097680,43995.468011,44048.174409,43923.95063,43976.657027,10.715778
1704097740,43976.657027,43997.395543,43973.163564,43993.902079,7.078619
1704097800,43993.902079,43995.692537,43938.086579,43939.877037,6.195618
1704097860,43939.877037,43954.324705,43915.857727,43930.305396,13.120303
1704097920,43930.305396,43958.289158,43906.696518,43934.68028,8.648614
1704097980,43934.68028,43987.332543,43879.88052,43932.532782,10.414642
1704098040,43932.532782,44005.588753,43888.158513,43961.214484,8.37122
1704098100,43961.214484,43979.764886,43955.666047,43974.216449,6.240453
1704098160,43974.216449,44017.486136,43955.344302,43998.613989,8.032949
1704098220,43998.613989,44033.231989,43940.652216,43975.270215,12.307982
1704098280,43975.270215,44016.069116,43966.948147,44007.747048,9.66572
1704098340,44007.747048,44117.162654,43956.598812,44066.014418,2.865581
1704098400,44066.014418,44099.51487,43999.207382,44032.707834,7.354267
1704098460,44032.707834,44105.303123,43929.733569,44002.328858,13.346881
1704098520,44002.328858,44056.445059,43996.140884,44050.257085,7.358609
1704098580,44050.257085,44055.235444,44039.417119,44044.395478,2.598564
1704098640,44044.395478,44105.999474,44033.165527,44094.769523,13.679147
1704098700,44094.769523,44123.303743,44051.508849,44080.04307,10.047178
1704098760,44080.04307,44164.002397,44048.307032,44132.266359,7.789961
1704098820,44132.266359,44142.303905,44127.754018,44137.791564,6.885747
1704098880,44137.791564,44204.338782,44081.246355,44147.793573,11.247056
1704098940,44147.793573,44220.347105,44131.421793,44203.975325,6.37405
1704099000,44203.975325,44218.700835,44177.342144,44192.067654,11.444769
1704099060,44192.067654,44200.265236,44151.493674,44159.691256,9.626586
1704099120,44159.691256,44185.687551,44118.733924,44144.730219,8.734046
1704099180,44144.730219,44192.455258,44113.865822,44161.590861,8.436544
1704099240,44161.590861,44214.751195,44054.030164,44107.190498,7.475096
1704099300,44107.190498,44155.976535,44081.78644,44130.572477,11.13692
1704099360,44130.572477,44150.402507,44092.607756,44112.437786,5.403972
1704099420,44112.437786,44198.547443,44067.736052,44153.845709,3.134225
1704099480,44153.845709,44178.443899,44045.637219,44070.235409,9.84332
1704099540,44070.235409,44110.307022,44003.322067,44043.39368,9.893715
1704099600,44043.39368,44050.27907,43978.005822,43984.891212,9.440723
1704099660,43984.891212,44007.043351,43934.554514,43956.706653,9.223185
1704099720,43956.706653,43972.546925,43950.455823,43966.296095,7.038379
1704099780,43966.296095,43969.064526,43958.10338,43960.871811,10.362448
1704099840,43960.871811,43996.838869,43916.873745,43952.840803,7.863326
1704099900,43952.840803,43959.08123,43941.882384,43948.122811,6.538659
1704099960,43948.122811,44003.117971,43901.158173,43956.153332,7.064326
1704100020,43956.153332,43977.321077,43900.413222,43921.580966,14.061919
1704100080,43921.580966,43961.837725,43907.046932,43947.30369,2.795072
1704100140,43947.30369,43981.921868,43936.869016,43971.487194,9.499364
1704100200,43971.487194,44027.270636,43930.130101,43985.913542,2.962669
1704100260,43985.913542,44025.507143,43966.788126,44006.381727,7.6753
1704100320,44006.381727,44033.062358,43991.018106,44017.698737,6.699118
1704100380,44017.698737,44099.970495,44008.030538,44090.302296,1.744915
1704100440,44090.302296,44126.699156,44051.715291,44088.11215,9.167113
1704100500,44088.11215,44104.730617,44061.545593,44078.164059,6.859886
1704100560,44078.164059,44097.422319,44033.223558,44052.481818,1.702381
1704100620,44052.481818,44072.858164,43996.621833,44016.99818,10.518704
1704100680,44016.99818,44038.346397,43952.728912,43974.07713,12.305019
1704100740,43974.07713,43977.9216,43939.855404,43943.699875,12.470373
1704100800,43943.699875,43954.036105,43931.757783,43942.094012,9.076869
1704100860,43942.094012,43958.416573,43938.403811,43954.726372,8.138174
1704100920,43954.726372,43978.940609,43933.189659,43957.403896,11.98447
1704100980,43957.403896,43987.633039,43901.140859,43931.370002,13.047151
1704101040,43931.370002,43988.699212,43906.568528,43963.897738,11.400706
1704101100,43963.897738,44007.546769,43947.142178,43990.791209,5.175387
1704101160,43990.791209,44021.497181,43955.346864,43986.052836,8.604035
1704101220,43986.052836,43990.327704,43959.687874,43963.962742,9.318548
1704101280,43963.962742,44003.393048,43944.705195,43984.1355,2.571149
1704101340,43984.1355,44033.521531,43942.244075,43991.630106,9.408082
1704101400,43991.630106,43992.292623,43940.911538,43941.574055,14.818975
1704101460,43941.574055,43947.372451,43934.26479,43940.063185,9.919808
1704101520,43940.063185,43959.159857,43931.05757,43950.154241,12.420239
1704101580,43950.154241,43950.495199,43919.069664,43919.410622,8.548744
1704101640,43919.410622,43965.271226,43881.099304,43926.959907,7.780345
1704101700,43926.959907,43960.193625,43843.508711,43876.74243,9.143814
1704101760,43876.74243,43925.323434,43875.966979,43924.547983,5.55252
1704101820,43924.547983,43996.442636,43897.407116,43969.301769,5.108674
1704101880,43969.301769,44027.704902,43902.896342,43961.299475,11.798914
1704101940,43961.299475,43984.085152,43952.177487,43974.963164,12.117027
1704102000,43974.963164,44006.291485,43859.813347,43891.141668,5.026681
1704102060,43891.141668,43895.16791,43847.408485,43851.434727,10.903996
1704102120,43851.434727,43865.907916,43827.533479,43842.006668,7.73912
1704102180,43842.006668,43860.485557,43786.816427,43805.295316,9.019426
1704102240,43805.295316,43834.353746,43802.156137,43831.214566,9.380656
1704102300,43831.214566,43944.880716,43788.517581,43902.18373,10.983051
1704102360,43902.18373,43963.879938,43800.059427,43861.755635,8.248155
1704102420,43861.755635,43886.550332,43808.461344,43833.256041,12.230486
1704102480,43833.256041,43868.300751,43807.345322,43842.390032,8.928239
1704102540,43842.390032,43911.81115,43830.39148,43899.812598,9.872553
1704102600,43899.812598,43936.296367,43821.297357,43857.781126,5.500212
1704102660,43857.781126,43904.508093,43820.670105,43867.397073,14.475977
1704102720,43867.397073,43936.821055,43862.814825,43932.238808,9.409475
1704102780,43932.238808,43951.444972,43855.896093,43875.102258,10.138992
1704102840,43875.102258,43885.042374,43821.096153,43831.036269,3.175443
1704102900,43831.036269,43842.933612,43805.164083,43817.061425,5.531894
1704102960,43817.061425,43825.493295,43791.260817,43799.692686,11.713651
1704103020,43799.692686,43835.326453,43793.418098,43829.051865,8.860673
1704103080,43829.051865,43879.902919,43787.551762,43838.402816,2.258661
1704103140,43838.402816,43866.444495,43749.031644,43777.073323,11.11487
1704103200,43777.073323,43784.309776,43775.630199,43782.866653,6.368652
1704103260,43782.866653,43812.600026,43720.657081,43750.390454,12.233951
1704103320,43750.390454,43815.977388,43717.17143,43782.758363,7.736493
1704103380,43782.758363,43820.078405,43711.210524,43748.530566,8.61412
1704103440,43748.530566,43756.723152,43705.821229,43714.013815,11.536864
1704103500,43714.013815,43756.325231,43678.387013,43720.69843,5.307521
1704103560,43720.69843,43748.47611,43707.365882,43735.143563,5.02146
1704103620,43735.143563,43743.700325,43730.019247,43738.576009,7.410505
1704103680,43738.576009,43744.279445,43661.703236,43667.406671,10.481518
1704103740,43667.406671,43684.033214,43657.349404,43673.975947,4.007368
1704103800,43673.975947,43681.520191,43618.091885,43625.636129,2.995896
1704103860,43625.636129,43632.241512,43615.027008,43621.632391,10.471163
1704103920,43621.632391,43622.74522,43558.664904,43559.777733,6.191065
1704103980,43559.777733,43565.188883,43557.72333,43563.13448,6.823322
1704104040,43563.13448,43580.841441,43505.138102,43522.845063,2.429569
1704104100,43522.845063,43536.722796,43452.158914,43466.036646,5.963062
1704104160,43466.036646,43554.714066,43390.012123,43478.689543,7.977298
1704104220,43478.689543,43525.042155,43428.568171,43474.920783,10.791134
1704104280,43474.920783,43483.366119,43432.96132,43441.406656,5.68631
1704104340,43441.406656,43499.524623,43421.574957,43479.692924,12.972128
1704104400,43479.692924,43494.746571,43437.146113,43452.19976,5.946332
1704104460,43452.19976,43453.413266,43439.937162,43441.150668,5.950725
1704104520,43441.150668,43461.006889,43418.476544,43438.332765,12.612073
1704104580,43438.332765,43468.946236,43374.035824,43404.649294,8.63438
1704104640,43404.649294,43413.867469,43399.637626,43408.855801,6.343926
1704104700,43408.855801,43438.319626,43348.72309,43378.186915,7.534601
1704104760,43378.186915,43439.164585,43290.786505,43351.764174,12.059221
1704104820,43351.764174,43428.301155,43310.361299,43386.89828,12.398608
1704104880,43386.89828,43396.651094,43328.905731,43338.658545,5.54962
1704104940,43338.658545,43366.624038,43215.010676,43242.976169,7.872699
1704105000,43242.976169,43318.302091,43211.293591,43286.619513,8.27047
1704105060,43286.619513,43384.46246,43265.004784,43362.847731,5.04128
1704105120,43362.847731,43366.642418,43332.860457,43336.655144,7.832945
1704105180,43336.655144,43337.097353,43257.002284,43257.444494,8.015969
1704105240,43257.444494,43264.787507,43227.250839,43234.593852,11.420628
1704105300,43234.593852,43262.71268,43184.47515,43212.593978,11.622275
1704105360,43212.593978,43258.342063,43148.184717,43193.932801,7.012372
1704105420,43193.932801,43219.141118,43118.186485,43143.394802,7.358141
1704105480,43143.394802,43151.533192,43143.180377,43151.318767,9.992877
1704105540,43151.318767,43162.620177,43146.041957,43157.343366,6.244435
1704105600,43157.343366,43195.380855,43055.673118,43093.710606,9.76592
1704105660,43093.710606,43118.761409,43080.700032,43105.750834,7.736281
1704105720,43105.750834,43227.02952,43043.228569,43164.507254,5.091804
1704105780,43164.507254,43181.297428,43141.569523,43158.359697,5.12949
1704105840,43158.359697,43196.976561,43096.018294,43134.635159,12.341176
1704105900,43134.635159,43136.018147,43116.277608,43117.660596,7.530736
1704105960,43117.660596,43129.894991,43114.576973,43126.811368,12.921062
1704106020,43126.811368,43157.024106,43024.872156,43055.084895,6.459091
1704106080,43055.084895,43059.699418,43044.077707,43048.69223,8.873616
1704106140,43048.69223,43066.610667,43005.280541,43023.198978,15.17803
1704106200,43023.198978,43087.875937,43010.105897,43074.782856,4.82784
1704106260,43074.782856,43107.666553,43023.840044,43056.723741,2.306557
1704106320,43056.723741,43116.012147,43042.854412,43102.142818,11.85977
1704106380,43102.142818,43112.104114,43042.083189,43052.044485,5.519573
1704106440,43052.044485,43066.325714,43045.935624,43060.216854,7.937881
1704106500,43060.216854,43100.705654,43018.673962,43059.162762,6.242245
1704106560,43059.162762,43069.189403,43007.163667,43017.190309,8.804488
1704106620,43017.190309,43062.605433,42965.835646,43011.250771,5.148391
1704106680,43011.250771,43060.35424,42991.835956,43040.939424,7.46018
1704106740,43040.939424,43044.259231,43014.425367,43017.745174,9.349446
1704106800,43017.745174,43079.253384,42886.021826,42947.530037,4.975073
1704106860,42947.530037,42975.870565,42906.562633,42934.903161,5.899748
1704106920,42934.903161,42937.545185,42889.264549,42891.906573,6.957851
1704106980,42891.906573,42938.16014,42821.902925,42868.156493,3.713554
1704107040,42868.156493,42898.789521,42822.724922,42853.35795,6.732317
1704107100,42853.35795,42871.22955,42765.070985,42782.942585,8.35639
1704107160,42782.942585,42788.682743,42709.977979,42715.718137,6.801353
1704107220,42715.718137,42720.282687,42715.666889,42720.231439,7.185871
1704107280,42720.231439,42727.453527,42683.193565,42690.415653,7.940295
1704107340,42690.415653,42708.270146,42573.131811,42590.986305,6.03277
1704107400,42590.986305,42608.088572,42588.702964,42605.805231,10.073188
1704107460,42605.805231,42646.654479,42562.310066,42603.159314,12.307934
1704107520,42603.159314,42606.610387,42563.464124,42566.915197,6.606859
1704107580,42566.915197,42578.393476,42498.71329,42510.191569,9.455595
1704107640,42510.191569,42532.519049,42504.388728,42526.716209,7.281149
1704107700,42526.716209,42567.925874,42485.484451,42526.694116,9.096462
1704107760,42526.694116,42621.166698,42501.429672,42595.902254,12.697339
1704107820,42595.902254,42607.611006,42586.585368,42598.294119,9.525979
1704107880,42598.294119,42618.135772,42579.737356,42599.57901,2.679756
1704107940,42599.57901,42606.748121,42574.796811,42581.965922,9.361987
1704108000,42581.965922,42636.225071,42543.61073,42597.869879,11.698591
1704108060,42597.869879,42633.459286,42571.655938,42607.245345,7.335211
1704108120,42607.245345,42651.751167,42593.486628,42637.992449,10.986904
1704108180,42637.992449,42669.396989,42576.877097,42608.281637,5.929653
1704108240,42608.281637,42624.620252,42565.179541,42581.518156,3.543383
1704108300,42581.518156,42597.864072,42536.938027,42553.283943,8.423507
1704108360,42553.283943,42582.041759,42539.534822,42568.292638,2.73057
1704108420,42568.292638,42613.756722,42561.953995,42607.418079,7.280687
1704108480,42607.418079,42611.030439,42576.244553,42579.856913,11.860527
1704108540,42579.856913,42602.147867,42531.182332,42553.473287,2.270711
1704108600,42553.473287,42567.127742,42538.595938,42552.250393,4.16151
1704108660,42552.250393,42592.380032,42491.844793,42531.974431,4.903903
1704108720,42531.974431,42587.747792,42496.691229,42552.46459,7.81004
1704108780,42552.46459,42566.015973,42450.435689,42463.987073,6.90285
1704108840,42463.987073,42495.781169,42392.237716,42424.031811,12.197409
1704108900,42424.031811,42434.464065,42375.183629,42385.615882,10.863045
1704108960,42385.615882,42397.435727,42283.344939,42295.164784,9.485819
1704109020,42295.164784,42355.362114,42190.542358,42250.739688,8.436891
1704109080,42250.739688,42294.74696,42163.991023,42207.998296,9.179689
1704109140,42207.998296,42213.152992,42184.238882,42189.393578,5.414053
1704109200,42189.393578,42243.722718,42160.823552,42215.152693,10.571631
1704109260,42215.152693,42227.644153,42182.569555,42195.061015,4.663867
1704109320,42195.061015,42198.637384,42144.899565,42148.475934,10.506131
1704109380,42148.475934,42207.263308,42075.968783,42134.756157,11.558428
1704109440,42134.756157,42164.320873,42128.76564,42158.330357,8.632594
1704109500,42158.330357,42206.413366,42065.550891,42113.6339,7.471361
1704109560,42113.6339,42125.079912,42059.739384,42071.185396,9.20093
1704109620,42071.185396,42084.764452,42064.626047,42078.205103,0.584555
1704109680,42078.205103,42104.069393,42033.105839,42058.970129,8.906775
1704109740,42058.970129,42073.119254,42054.831715,42068.98084,7.659938
1704109800,42068.98084,42083.640817,42042.084044,42056.744021,7.848116
1704109860,42056.744021,42126.019743,41999.301824,42068.577547,10.119598
1704109920,42068.577547,42084.73897,42005.827328,42021.988751,7.775693
1704109980,42021.988751,42024.841262,42006.96559,42009.8181,4.579379
1704110040,42009.8181,42035.332252,41965.464586,41990.978737,7.575792
1704110100,41990.978737,41994.164296,41935.223479,41938.409037,8.202666
1704110160,41938.409037,41953.073747,41859.594863,41874.259573,8.344802
1704110220,41874.259573,41898.788516,41860.979534,41885.508477,8.485758
1704110280,41885.508477,41900.736823,41846.798918,41862.027264,11.118107
1704110340,41862.027264,41895.60682,41782.515778,41816.095334,4.741896
1704110400,41816.095334,41842.362737,41774.904624,41801.172028,8.527101
1704110460,41801.172028,41862.274584,41766.095251,41827.197807,11.869789
1704110520,41827.197807,41843.794207,41722.66486,41739.261261,2.796166
1704110580,41739.261261,41787.347582,41629.558596,41677.644917,8.53894
1704110640,41677.644917,41705.80752,41607.06319,41635.225792,6.243864
1704110700,41635.225792,41674.69402,41632.785365,41672.253593,6.887869
1704110760,41672.253593,41695.768733,41646.491112,41670.006252,5.285577
1704110820,41670.006252,41697.157551,41656.768965,41683.920264,7.491348
1704110880,41683.920264,41685.750722,41632.426815,41634.257273,13.523767
1704110940,41634.257273,41635.193523,41584.403356,41585.339606,4.206709
1704111000,41585.339606,41590.861343,41583.072089,41588.593826,4.49117
1704111060,41588.593826,41589.363015,41578.119802,41578.888991,4.094196
1704111120,41578.888991,41590.849125,41573.540053,41585.500188,13.182255
1704111180,41585.500188,41621.463959,41531.652809,41567.61658,6.612981
1704111240,41567.61658,41580.497912,41552.345802,41565.227134,7.923083
1704111300,41565.227134,41588.033567,41536.040732,41558.847164,6.791651
1704111360,41558.847164,41607.20313,41524.715649,41573.071614,5.166731
1704111420,41573.071614,41593.003755,41568.341642,41588.273783,7.294548
1704111480,41588.273783,41608.696864,41502.363456,41522.786537,15.374731
1704111540,41522.786537,41525.554927,41433.831056,41436.599446,12.176213
1704111600,41436.599446,41467.877191,41426.932224,41458.20997,5.441187
1704111660,41458.20997,41522.778444,41421.435274,41486.003748,9.942722
1704111720,41486.003748,41498.599596,41427.943494,41440.539341,5.505432
1704111780,41440.539341,41473.098828,41334.783158,41367.342644,2.670897
1704111840,41367.342644,41383.999451,41342.381261,41359.038068,11.058533
1704111900,41359.038068,41397.49311,41339.80582,41378.260862,11.480279
1704111960,41378.260862,41440.549438,41363.919199,41426.207775,11.138157
1704112020,41426.207775,41439.520641,41418.406538,41431.719404,6.590404
1704112080,41431.719404,41443.936712,41395.587429,41407.804737,7.499673
1704112140,41407.804737,41429.965407,41344.48429,41366.644959,10.249297
1704112200,41366.644959,41385.863083,41336.224653,41355.442777,9.174488
1704112260,41355.442777,41370.792887,41318.617741,41333.967851,6.819088
1704112320,41333.967851,41350.228332,41272.59307,41288.853551,3.142785
1704112380,41288.853551,41359.035237,41274.821749,41345.003435,8.341626
1704112440,41345.003435,41419.799302,41317.704463,41392.50033,11.237029
1704112500,41392.50033,41434.164026,41376.874036,41418.537732,4.407235
1704112560,41418.537732,41460.988578,41333.998873,41376.449719,9.916278
1704112620,41376.449719,41449.488811,41320.13073,41393.169822,8.994625
1704112680,41393.169822,41428.366496,41367.565103,41402.761777,10.250445
1704112740,41402.761777,41407.576663,41401.01232,41405.827206,10.615926
1704112800,41405.827206,41477.322338,41376.576465,41448.071597,5.916604
1704112860,41448.071597,41489.322649,41428.723218,41469.97427,3.149122
1704112920,41469.97427,41511.049436,41454.286969,41495.362135,6.399441
1704112980,41495.362135,41543.674942,41469.02798,41517.340786,10.667382
1704113040,41517.340786,41555.70252,41491.13018,41529.491913,6.373988
1704113100,41529.491913,41533.082093,41467.515434,41471.105613,5.91787
1704113160,41471.105613,41504.987305,41440.827788,41474.709479,2.535949
1704113220,41474.709479,41495.656758,41436.141118,41457.088397,13.257943
1704113280,41457.088397,41479.893926,41392.686109,41415.491638,10.477141
1704113340,41415.491638,41541.992387,41345.580434,41472.081184,10.309688
1704113400,41472.081184,41541.563184,41460.833501,41530.315501,10.903176
1704113460,41530.315501,41578.127207,41528.518963,41576.330669,9.730125
1704113520,41576.330669,41617.972475,41544.010104,41585.65191,7.267013
1704113580,41585.65191,41674.058352,41543.035674,41631.442116,7.508708
1704113640,41631.442116,41660.640881,41603.47743,41632.676196,6.717307
1704113700,41632.676196,41647.682129,41625.258003,41640.263935,15.904222
1704113760,41640.263935,41673.883914,41571.066021,41604.685999,9.667736
1704113820,41604.685999,41623.994436,41599.425386,41618.733823,6.608599
1704113880,41618.733823,41649.58228,41590.728386,41621.576843,9.39649
1704113940,41621.576843,41658.058854,41542.57425,41579.056261,4.967393
1704114000,41579.056261,41599.24317,41557.99796,41578.184869,12.51352
1704114060,41578.184869,41580.565674,41573.983659,41576.364464,6.016793
1704114120,41576.364464,41697.89512,41515.498398,41637.029053,9.503256
1704114180,41637.029053,41692.244949,41612.443069,41667.658964,11.197933
1704114240,41667.658964,41686.068798,41650.464025,41668.873859,9.154306
1704114300,41668.873859,41708.331926,41638.543517,41678.001585,8.28341
1704114360,41678.001585,41708.047681,41650.263261,41680.309356,8.032406
1704114420,41680.309356,41720.117046,41634.56968,41674.37737,7.830677
1704114480,41674.37737,41681.911197,41631.604355,41639.138181,6.269905
1704114540,41639.138181,41664.50673,41609.570891,41634.93944,6.65155
1704114600,41634.93944,41676.342369,41569.525131,41610.928061,12.438771
1704114660,41610.928061,41611.125216,41569.961677,41570.158833,7.67439
1704114720,41570.158833,41594.828453,41563.325699,41587.995319,5.642611
1704114780,41587.995319,41609.354333,41580.487901,41601.846915,6.451107
1704114840,41601.846915,41648.013816,41497.089084,41543.255984,11.301112
1704114900,41543.255984,41551.373686,41531.891899,41540.009601,10.02682
1704114960,41540.009601,41582.107836,41531.845174,41573.943409,9.680988
1704115020,41573.943409,41613.716195,41570.246632,41610.019418,7.227436
1704115080,41610.019418,41659.093864,41595.939953,41645.014399,9.720087
1704115140,41645.014399,41658.213901,41633.944284,41647.143786,6.069317
1704115200,41647.143786,41648.135328,41618.839169,41619.83071,7.221158
1704115260,41619.83071,41630.870287,41573.555763,41584.595341,10.909413
1704115320,41584.595341,41604.49098,41576.997416,41596.893055,10.622833
1704115380,41596.893055,41620.576046,41586.665674,41610.348666,5.05427
1704115440,41610.348666,41656.365002,41608.040513,41654.056849,5.433421
1704115500,41654.056849,41739.613288,41606.005259,41691.561697,8.326106
1704115560,41691.561697,41703.493677,41676.053446,41687.985426,13.178397
1704115620,41687.985426,41687.999497,41647.330189,41647.34426,2.253305
1704115680,41647.34426,41648.335904,41636.554761,41637.546406,8.834999
1704115740,41637.546406,41669.622141,41613.540182,41645.615918,3.87187
1704115800,41645.615918,41694.404729,41590.927732,41639.716543,6.097007
1704115860,41639.716543,41689.008665,41572.01061,41621.302732,6.906715
1704115920,41621.302732,41637.395667,41614.463568,41630.556503,6.738475
1704115980,41630.556503,41630.734202,41614.430438,41614.608137,6.398612
1704116040,41614.608137,41618.855196,41590.288834,41594.535892,8.021621
1704116100,41594.535892,41617.26936,41582.999611,41605.733079,6.394233
1704116160,41605.733079,41622.312631,41576.607377,41593.186929,3.612628
1704116220,41593.186929,41625.422084,41569.907064,41602.14222,10.339609
1704116280,41602.14222,41624.151847,41590.058517,41612.068145,10.258617
1704116340,41612.068145,41618.574508,41568.479357,41574.985721,10.529523
1704116400,41574.985721,41627.542828,41507.256808,41559.813916,3.377797
1704116460,41559.813916,41627.680621,41540.609867,41608.476573,8.896754
1704116520,41608.476573,41638.949401,41540.171237,41570.644066,10.027937
1704116580,41570.644066,41586.694012,41485.091149,41501.141095,4.906394
1704116640,41501.141095,41523.01263,41418.329409,41440.200945,8.02752
1704116700,41440.200945,41458.748875,41423.446914,41441.994845,7.6512
1704116760,41441.994845,41465.246943,41420.596647,41443.848745,13.526452
1704116820,41443.848745,41482.607881,41402.019204,41440.778339,13.773488
1704116880,41440.778339,41503.686715,41418.972726,41481.881102,3.006931
1704116940,41481.881102,41487.505433,41388.480049,41394.10438,15.481781
1704117000,41394.10438,41426.611917,41375.538534,41408.046072,5.254323
1704117060,41408.046072,41462.060634,41406.617917,41460.632479,10.94202
1704117120,41460.632479,41488.403034,41396.300464,41424.071019,10.911494
1704117180,41424.071019,41434.373151,41402.012532,41412.314664,5.012929
1704117240,41412.314664,41426.684524,41373.836872,41388.206732,9.479803
1704117300,41388.206732,41390.389589,41357.249343,41359.4322,7.677399
1704117360,41359.4322,41364.880032,41344.017549,41349.465381,9.66299
1704117420,41349.465381,41403.966772,41343.039508,41397.540899,8.692017
1704117480,41397.540899,41496.038468,41360.767884,41459.265453,11.589018
1704117540,41459.265453,41481.665102,41426.554036,41448.953686,8.226199
1704117600,41448.953686,41527.63117,41434.324817,41513.002301,7.496378
1704117660,41513.002301,41515.287757,41512.728663,41515.014119,11.288193
1704117720,41515.014119,41596.055125,41493.08907,41574.130075,9.741188
1704117780,41574.130075,41611.479226,41534.50942,41571.858572,10.19544
1704117840,41571.858572,41609.73595,41539.171608,41577.048987,6.00624
1704117900,41577.048987,41640.888361,41526.199462,41590.038836,4.864212
1704117960,41590.038836,41697.592254,41589.220865,41696.774283,6.296834
1704118020,41696.774283,41754.012624,41668.776816,41726.015157,6.137536
1704118080,41726.015157,41735.63735,41693.624634,41703.246827,10.358598
1704118140,41703.246827,41752.984502,41686.684691,41736.422366,10.927952
1704118200,41736.422366,41752.483457,41709.116243,41725.177334,7.534609
1704118260,41725.177334,41730.965351,41703.878772,41709.66679,12.292757
1704118320,41709.66679,41748.327356,41702.170022,41740.830588,12.105408
1704118380,41740.830588,41759.536998,41723.997067,41742.703477,8.730197
1704118440,41742.703477,41764.74514,41730.800709,41752.842372,5.534325
1704118500,41752.842372,41771.479247,41735.507712,41754.144587,12.72613
1704118560,41754.144587,41770.450778,41749.918219,41766.224409,7.816948
1704118620,41766.224409,41807.427167,41740.05906,41781.261817,8.378496
1704118680,41781.261817,41791.108214,41707.556758,41717.403155,6.981185
1704118740,41717.403155,41775.475962,41682.417226,41740.490034,5.330629
1704118800,41740.490034,41756.896959,41692.138171,41708.545096,3.594082
1704118860,41708.545096,41735.656857,41634.169347,41661.281108,9.898605
1704118920,41661.281108,41696.588427,41624.86024,41660.167559,5.649797
1704118980,41660.167559,41689.40056,41634.56685,41663.799851,17.178594
1704119040,41663.799851,41671.042615,41634.281039,41641.523802,4.741779
1704119100,41641.523802,41673.981886,41637.592662,41670.050746,4.227853
1704119160,41670.050746,41675.271473,41620.943741,41626.164468,9.530416
1704119220,41626.164468,41643.1059,41596.505896,41613.447328,12.58794
1704119280,41613.447328,41622.700797,41585.559398,41594.812867,8.193769
1704119340,41594.812867,41600.691857,41588.215549,41594.094539,9.716727
1704119400,41594.094539,41625.972618,41572.328856,41604.206936,2.469358
1704119460,41604.206936,41618.220022,41557.492722,41571.505809,5.967465
1704119520,41571.505809,41611.811178,41556.126957,41596.432326,4.779153
1704119580,41596.432326,41629.171801,41566.621422,41599.360897,2.314862
1704119640,41599.360897,41625.890076,41510.747076,41537.276255,8.350941
1704119700,41537.276255,41582.773758,41427.575524,41473.073027,1.271517
1704119760,41473.073027,41491.654886,41454.911898,41473.493756,4.033412
1704119820,41473.493756,41518.499903,41421.986159,41466.992306,6.388419
1704119880,41466.992306,41502.452544,41428.930673,41464.390911,5.506142
1704119940,41464.390911,41504.845576,41423.837313,41464.291978,9.189226
1704120000,41464.291978,41490.641207,41446.255012,41472.60424,8.916741
1704120060,41472.60424,41540.302067,41437.189622,41504.887449,10.681396
1704120120,41504.887449,41516.253477,41457.474154,41468.840182,10.257151
1704120180,41468.840182,41471.362011,41428.284939,41430.806769,11.422438
1704120240,41430.806769,41480.677306,41345.542143,41395.41268,7.994245
1704120300,41395.41268,41412.43641,41388.786024,41405.809754,8.910401
1704120360,41405.809754,41474.347078,41379.360365,41447.89769,9.534541
1704120420,41447.89769,41452.860747,41429.463289,41434.426347,8.42497
1704120480,41434.426347,41473.16205,41313.675412,41352.411115,6.808417
1704120540,41352.411115,41365.862133,41283.453061,41296.904079,7.002672
1704120600,41296.904079,41322.273195,41244.848057,41270.217173,5.547325
1704120660,41270.217173,41289.602112,41233.247313,41252.632251,9.26485
1704120720,41252.632251,41280.764251,41211.84956,41239.98156,7.717954
1704120780,41239.98156,41295.430604,41186.630236,41242.07928,6.010479
1704120840,41242.07928,41248.670237,41226.028597,41232.619553,6.013266
1704120900,41232.619553,41282.473813,41218.218797,41268.073056,4.368804
1704120960,41268.073056,41306.457609,41208.201115,41246.585668,10.936524
1704121020,41246.585668,41257.789447,41207.761936,41218.965714,8.235853
1704121080,41218.965714,41246.717322,41207.832839,41235.584447,5.4116
1704121140,41235.584447,41262.167462,41159.197765,41185.78078,10.425643
1704121200,41185.78078,41213.155414,41172.071934,41199.446568,6.318654
1704121260,41199.446568,41230.135874,41172.961573,41203.650879,3.780498
1704121320,41203.650879,41218.555341,41184.710552,41199.615014,11.063667
1704121380,41199.615014,41256.040791,41196.396649,41252.822426,6.388709
1704121440,41252.822426,41268.139004,41217.801361,41233.117939,6.773303
1704121500,41233.117939,41330.730789,41204.349174,41301.962024,8.12354
1704121560,41301.962024,41302.764064,41294.537944,41295.339985,11.427768
1704121620,41295.339985,41298.986566,41250.352156,41253.998737,8.060112
1704121680,41253.998737,41268.761969,41242.368273,41257.131505,4.402649
1704121740,41257.131505,41267.901901,41211.678607,41222.449002,9.631631
1704121800,41222.449002,41241.74061,41179.197436,41198.489043,6.545031
1704121860,41198.489043,41225.007661,41185.882482,41212.401099,13.663772
1704121920,41212.401099,41245.199685,41198.748705,41231.547291,7.996641
1704121980,41231.547291,41303.680232,41139.721336,41211.854277,1.294894
1704122040,41211.854277,41274.702943,41182.397605,41245.246272,9.072095
1704122100,41245.246272,41359.774588,41169.754677,41284.282992,13.833793
1704122160,41284.282992,41347.851986,41269.005257,41332.57425,12.727761
1704122220,41332.57425,41376.350028,41307.134805,41350.910583,13.492863
1704122280,41350.910583,41404.74714,41343.029777,41396.866334,4.940719
1704122340,41396.866334,41433.229611,41299.089266,41335.452542,10.736457
1704122400,41335.452542,41362.572257,41298.648023,41325.767737,5.834016
1704122460,41325.767737,41351.213192,41272.494445,41297.9399,8.672868
1704122520,41297.9399,41350.323161,41250.321899,41302.70516,4.181143
1704122580,41302.70516,41330.671163,41256.687237,41284.653241,6.066633
1704122640,41284.653241,41286.018009,41278.626614,41279.991382,5.97126
1704122700,41279.991382,41372.60032,41250.413046,41343.021984,10.695666
1704122760,41343.021984,41357.484953,41323.772769,41338.235738,10.402157
1704122820,41338.235738,41377.98842,41312.996724,41352.749406,8.830459
1704122880,41352.749406,41374.238318,41324.404136,41345.893049,3.948736
1704122940,41345.893049,41367.395641,41327.721856,41349.224448,7.065082
1704123000,41349.224448,41392.903119,41306.571802,41350.250473,5.761651
1704123060,41350.250473,41375.928066,41340.2335,41365.911093,10.609027
1704123120,41365.911093,41426.764665,41344.466805,41405.320378,11.534555
1704123180,41405.320378,41492.932199,41373.142439,41460.75426,11.169157
1704123240,41460.75426,41505.449295,41427.159591,41471.854627,5.734342
1704123300,41471.854627,41532.186603,41431.916783,41492.248759,0.218599
1704123360,41492.248759,41493.076897,41454.065726,41454.893864,2.699114
1704123420,41454.893864,41483.79313,41423.90941,41452.808677,12.264881
1704123480,41452.808677,41501.690171,41435.950714,41484.832208,6.796235
1704123540,41484.832208,41534.379337,41464.864967,41514.412096,5.747826
1704123600,41514.412096,41554.026041,41482.657066,41522.271011,12.927981
1704123660,41522.271011,41554.920747,41519.906832,41552.556568,11.79548
1704123720,41552.556568,41600.331699,41521.930116,41569.705246,8.073346
1704123780,41569.705246,41664.909363,41515.269604,41610.47372,7.119791
1704123840,41610.47372,41630.421038,41600.992225,41620.939543,7.603696
1704123900,41620.939543,41665.949575,41564.919788,41609.92982,8.681488
1704123960,41609.92982,41640.727055,41591.145982,41621.943217,12.800142
1704124020,41621.943217,41644.593683,41502.655923,41525.306388,9.267402
1704124080,41525.306388,41560.572256,41503.592796,41538.858663,10.178087
1704124140,41538.858663,41588.584945,41368.896784,41418.623066,11.50781
1704124200,41418.623066,41420.023056,41360.982881,41362.382871,4.490972
1704124260,41362.382871,41384.253909,41356.29107,41378.162109,10.264586
1704124320,41378.162109,41438.920637,41334.041917,41394.800445,7.116294
1704124380,41394.800445,41411.028076,41340.923036,41357.150667,0.451714
1704124440,41357.150667,41362.490314,41329.084002,41334.423648,1.615491
1704124500,41334.423648,41406.033894,41308.986278,41380.596524,4.945647
1704124560,41380.596524,41403.133955,41342.86593,41365.403361,9.59367
1704124620,41365.403361,41470.426462,41335.499136,41440.522237,8.341399
1704124680,41440.522237,41448.407835,41433.401808,41441.287407,8.5531
1704124740,41441.287407,41470.223445,41426.710317,41455.646355,13.85283
1704124800,41455.646355,41514.226687,41451.553771,41510.134103,4.192731
1704124860,41510.134103,41531.269881,41494.180015,41515.315792,7.9177
1704124920,41515.315792,41522.058259,41476.126216,41482.868683,8.913307
1704124980,41482.868683,41488.745497,41474.180175,41480.056988,5.791181
1704125040,41480.056988,41498.334301,41461.42757,41479.704883,8.08498
1704125100,41479.704883,41491.76488,41423.211031,41435.271028,3.200152
1704125160,41435.271028,41441.196546,41421.694545,41427.620063,12.229719
1704125220,41427.620063,41429.821439,41401.656256,41403.857631,5.955156
1704125280,41403.857631,41446.01694,41393.155925,41435.315234,14.0942
1704125340,41435.315234,41457.095287,41415.511258,41437.291311,7.902577
1704125400,41437.291311,41443.153501,41422.884116,41428.746306,11.084161
1704125460,41428.746306,41436.369461,41418.432626,41426.055781,7.840091
1704125520,41426.055781,41436.882224,41423.453127,41434.27957,7.907769
1704125580,41434.27957,41497.75929,41392.0798,41455.55952,6.247912
1704125640,41455.55952,41488.872663,41389.933184,41423.246328,8.357372
1704125700,41423.246328,41442.364756,41370.453307,41389.571735,8.953996
1704125760,41389.571735,41474.051228,41342.5147,41426.994194,5.647224
1704125820,41426.994194,41432.393105,41408.760309,41414.15922,7.624867
1704125880,41414.15922,41453.254104,41328.976425,41368.071308,6.169703
1704125940,41368.071308,41395.723034,41355.937593,41383.58932,14.898992
1704126000,41383.58932,41403.999178,41379.351017,41399.760875,7.730808
1704126060,41399.760875,41413.6656,41336.017172,41349.921897,12.635696
1704126120,41349.921897,41359.11143,41349.151461,41358.340993,7.413133
1704126180,41358.340993,41389.772562,41352.082246,41383.513815,8.777863
1704126240,41383.513815,41416.26046,41363.991694,41396.738339,4.035908
1704126300,41396.738339,41425.705299,41389.534611,41418.501571,6.658782
1704126360,41418.501571,41423.426124,41367.900414,41372.824968,8.631604
1704126420,41372.824968,41403.661544,41353.77438,41384.610956,12.758011
1704126480,41384.610956,41404.627106,41355.404478,41375.420628,8.665948
1704126540,41375.420628,41409.17665,41326.514372,41360.270394,12.151161
1704126600,41360.270394,41399.616594,41350.567149,41389.913349,9.922187
1704126660,41389.913349,41453.311602,41376.354513,41439.752765,12.882204
1704126720,41439.752765,41505.880438,41433.984405,41500.112077,7.822873
1704126780,41500.112077,41568.67625,41476.053494,41544.617666,15.170668
1704126840,41544.617666,41546.807774,41539.611454,41541.801562,6.543811
1704126900,41541.801562,41564.130257,41532.027705,41554.3564,5.700614
1704126960,41554.3564,41588.267952,41546.776138,41580.687691,4.369841
1704127020,41580.687691,41587.834564,41578.403645,41585.550519,14.993074
1704127080,41585.550519,41603.979235,41572.304157,41590.732873,10.458343
1704127140,41590.732873,41674.273142,41535.442406,41618.982675,6.997638
